Fund Name,P1,P2,P3,P4,P5,Topsis Score,Rank
M1,0.9,0.81,4.2,42.7,12.15,0.6473519198710529,2
M2,0.62,0.38,6.8,57.7,16.38,0.3887952714214439,5
M3,0.95,0.9,6.6,57.5,16.49,0.5359888577017805,4
M4,0.77,0.59,5.1,31.9,9.59,0.36636576287888023,6
M5,0.83,0.69,3.0,48.1,13.16,0.7417524842299732,1
M6,0.94,0.88,3.4,30.1,8.83,0.5962461802616545,3
M7,0.71,0.5,5.2,36.8,10.8,0.3495500998170802,7
M8,0.69,0.48,7.0,48.9,14.27,0.31662227051730296,8
